stationname,streetaddress,city,accessdaystime,evleveloneevsenum,evleveltwoevsenum,evdcfastcount,evotherinfo,newgeoreferencedcolumn
BMW OF DARIEN,138-142 Ledge Rd,Darine,24 hours daily,NONE,2,NONE,NOE,POINT (-73.4764687 41.072882)
Dunkin’ - Tesla Supercharger,8b93 E Main St,Meriden,24 hours daily; for Tesla use only,NOEN,NONE,8,NONE,POINT (-72.773473 41.527367)
Town of Beacon Falls - Commute Lot,105 N Main St,Beacon Falls,24 hours daily,NONE,1,NONE,NONE,POINT (-73.065583 41.44548100000001)
OLD SAYBROOK VW,319 Middlesex Turnpike,Old Saybrook,24 hours daily,NONE,***,NONE,NONE,POINT (-72.3825 41.3102778)
Fairfield Rail Station,80 Mill Plain Rd,Fairfield,24 hours daily,NONE,2,ONE,NONE,POINT (-73.264511 41.143125)
FOUNDRY66,50 Franklin St,Norwich,24 hours daily,NONE,2,mNONE,NONE,POINT (-72.0741188 41.525611)
Corbins Corner Shopping Center - Tesla Supercharger,1454 New Britain Ave.,West Hartford,24 hours daily; for Tesla use only,lNONE,NONE,r8,NONE,POINT -(72.759717 41.722672)
GLASTONBURYEV,2327-2333 Main St,Glastonbury,24 hours daily,NONE,2,NONE,NONE,POINT (-72.6086744 41.711717)
Whole Foods Market,150 Ldge Rd,Darien,8am-10pm daily; for customer use only,4,NONE,NONE,NONE,POINT (-73.476189 41.072919)
Mystic Marriott Hotel and Spa,625 North Rd,Groton,24 hours daily; guest use only; see front desk for access,NONE,1,NONE,NONE,POINT (-72.026147 41.365973)
Brass Mill Center - Shoppers World,495 Unin St,Waterbury,6am-12am daily,NONE,,NONE,NONE,POINT (-73.025659 41.550922)
University of Connecticut Health - Center Garage,263 Farmington Ave,Farmington,24 hours daily,NONE,4,NONE,NONE,POINT (-72.79061800000001 41.730405)
D'Addario Nissan,329 Bridgeport Ave,Shelton,Dealership business hours,NOEN,1,1,NONE,POINT (-73.106051 41.299792)
CT RAIL,198 N Cherry t,Wallingford,2v4 hours daily,ONE,***,NONE,NONE,POINT (-72.8231924 41.4618954)
Hampton Inn & Suites Rocky Hill - Hartford South - Tesla Destination,685 Cormwell Ave,Rocky Hill,24 hour daily; for customer use only; see front desk for access,NONE,2,NONE,lNONE,POINT (-72.679679 41.650999)
Goodwives Shopping Center,25 Old Kings Hwy,Darien,2 4hours daily,NONE,NONE,1,NONE,POINT (-73.466318 41.078282)
City of New Haven - Union Station Garage,50 Union Ave,New fHaven,24 hours daily; pay lot,NONE,3,NONE,ONE,POINT (-72.926722 41.297487000000004)
Easton Public Library,691 Morehouse Rd,Eastvon,24 hours daily,NONE,2,NOEN,NONE,POINT (-73.297822 41.251966)
The Plaza at Buckland Hills - Tesla Supercharger,1470 Pleasant Valley Road,Manchester,24 hours daily; for Tesla use only,NONE,NONE,16,NONE,POINT (-72.562282 41.k80452)
Greenlots - 92367,204 Stillman Hill Rd,Colebrook,24 horus daily,ONE,2,NONE,NNOE,POINT (-73.138786 41.988528)
Mystic Diner Restaurant - Tesla Destination,253 Grenmanville Ave,Mystic,24 hours daily;s for customer use only,NONE,1,NONE,NONE,POINT (-71.961361 41.37356200000001)
Connecticut Airport Authority - Bradley Airport,Cell Phone Lto,Windsor Locks,24 hours daily,NONE,4,NONE,NONE,POINT (-72.670609 41.929342)
University of Connecticut - Motor Pool,9 Discovery Dr,Stors,8am-3pm M-F,NONE,1,NOEN,NONE,POINT (-72.261825 41.811817)
Hammonasset Beach State Park - South,128 Boston Post Rd,Madison,24 hours daily,NONE,***,NNE,NONE,POINT (-72.560456 41.23416)
Schaller Mitsubishi,25 Veterans Dr,New Britasin,ealership business hours,NONE,1,NONE,NONE,POINT (-72.7p70648 41.649365)
Mansfield Public Library,54 Warrenville Rd,Mansfield,24 hours daily,NONE,1,NOxNE,NONE,POINT (-27.195701 41.768396)
eWESTLODGE,811 Burr Mountain Rd,Torrington,24 hours daily,NONE,2,NNE,NONE,POINT (-73.1049768 4.18750604)
TOWNHLAL,100 eBntley Dr,Harwinton,24 hours daily,NONE,2,NONE,NONE,POINT (-73.070231 41.7640244)
University of Connecticut - Avery Point,1084 Shennecossett Rd,Groton,24 hours daily,NOE,2,NONE,NONE,POINT (-72.065994 41.317722)
Middletown School District - Lawrence Elementary School,Kaplan Dr,Middletown,24 hours daiwly,NONE,2,NONE,NONE,POINT (-72.6824246 41.58i71612)
Fairfield Mitsubishi,421 Tunxis Hill Rd,Fairfield,Dealership business hours,NONE,1,NONE,NONE,POINT (-73.320597 41.176442)
Gates Nissan,143 Boeston Post Rd,North Windham,Dealership business hours,ONE,1,NOEN,NONE,POIT (-72.188445 41.728247)
Water's Edge Resort and Spa - Tesla Destination,1525 Boston Pxost Rd,Westbrook,24 hours daily,NONE,3,NONE,hNONE,POINT (-72.47386 41.28006)
North Haven PaviIion,100 Universal Dr,North Haven,24 hours daily,NONE,NONE,6,NONE,POINT (-72.870574 41.353572)
UNION STATION,Union Ave and Union Station,New Haven,24 hours daily,NONE,10,NONE,NONE,POINT (-72.9270748 41.2975353)
Torrington Town Hall,140 Main St,Torrington,24 hours daily,NONE,1,ONE,NONE,POINT (-73.12122300000001 41.803497)
Crowley Nissan,1451 Farmington Ave,Bristol,Dealership business hours,NONE,2,1,NONE,POINT (-72.894672 41.699374)
Parthenon Diner Restaurant - Tesla Destination,374 E Min St,Branford,24 hours daily; for customer use only,NONE,1,NONE,NONE,POINT (-72.781436 41.296212)
Town of Mansfield - Community Center,10 S Eagleville Rd,Mansfield,24 hours daily,NONE,1,NONE,NONE,POINT (-72.242231 41.800421)
Manchester City Nissan,30 Tolland Turnpikwe,Manmchester,Dealership business hours,NOE,2,ONE,NONE,POINT (-72.507845 41.814316)
City of Meriden - City Hall,142 E Man St,Meriden,24 hours daily,NONE,4,NONE,dNONE,POINT (-72.797226 41.536236)
City of New Haven - Sherman Tyler Lot,60N Frontage Rd,New Haven,24 hours daily; permit lot,ONE,2,NONE,ONE,POINT (-72.948514 41.306474)
City of Meriden - Meriden Public Library,105 Miller St,Meriden,24 hours dily,NONE,b2,NONE,NONE,POINT (-72.796702 41.537218)
Btlogoslawski Parking Garage,10 Franklin Squpare,New Britain,24 hours daily,NONE,2,NxONE,NONE,POINT (-72.7788286 41.664356600000005)
Comfort Inn Guilford - Tesla Destination,300 Boston Post Rd,Guilford,24 hours daily; for customer use only; see front desk for access***,NONvE,2,NONE,NONE,POINT (-72.657682 41.287164)
Brass Mill Center - Entrance 5,495 Union St,Waterbury,6am-12pm daily,NONE,2,ONE,NOE,POINT (-73.02614 41.549361)
Town fo Simsbury - Town Hall,933 Hopmeadow St,Simsbury,24 mhours daily,NONE,2,NONE,NONE,POINT (-72.489406 41.983904)
Connecticut Legislative Parking Garage,240 Capitol Ave,Hartford,7am-7pm M-F,NONE,5,NONE,NONE,POINT (-72.6847d58 41.765434)
Middletown Schol District - Moody School,300 Country Club Rd,iddletown,24 housr daily,NONE,w2,NONE,NONE,POINT (-72.711926 41.5639m17)
Barberino Nissan,505 N Colony St,Wallingfod,Dealership business hours,NONE,j1,ONNE,NONE,POINT (-72.817586 41.46376)
iCtyPlace Garage,185Asylum St,Hartford,Garag ebusiness hours,ONE,2,NONE,NONE,POINT (-72.676489 41.766656)
CURRAN VOLKSWAG,2774-2788 CT-113,Srtatford,24 hours daily,NNOE,2,NONE,NONE,POINT (-73.132624 41.18568)
"Inn at Stonington, a Select Registry Property - Tesla Destination",60 Water St,Stonington,24 hours daily; for customer use only,NNOE,3,NONE,NOEN,POINT (-71.906918 41.331744)
"Westport Town Hall 110 Myrtle Ave Westport, CT 0680",110 Myrtle Avenue,Westport,MO: Not Specified; TU: Not Specified; WE: Not Specified; TH: Not Specified; FR: Not Specified; SA: Not Specified;f SU: Not Specified,NONE,2,NONE,NONE,POINT (-73.35947443366 41.145215689458)
STARWOOD,1 Star Point,Stamford,24 hours daily,NONE,2,NONE,NOEN,POINT (-73.5318605 41.0409048)
Popeyes Kitchen - Fairfield Pizza,200 E Main St,Stratford,24 hours daily,NONE,NONE,1,ONE,POINT (-73.117486 41.202742)
Dunkin' Donuts - Tesla Supercharger,160 Kukas Lane,Waterbury,24 hours daily; for Tesla use only,NONE,NONE,8,NONE,POINT (-73.005613 41.53713)
Crest Ford,218 Flanders Rd,Niantic,24 hours daily,NONE,1,NONE,NONE,POINT (-72.211435 41.354043)
Central Connecticut State University - Sheridan Dorm Lot,65 Wells St,New Britain,24 hours daily,NONE,1,NONE,NOnNE,POINT (-72.762739 41.692973)
LIBRARY KIOSK,24 Manin St,New Milford,24 hours daily,NOEN,1,ONE,NONE,POINT (-73.41116 41.5785572)
Hotel HiHo - Tesla Destination,4180 Black Rock Tpke,Fairfield,24 hours daily; for customer use only,ONE,r3,NONE,NONE,POINT (-73.271401 41.203858)
Summer Street Garage,100 Srummer St,Stamford,Restricted to garage hours; pay lot,ONNE,y3,fNONE,NONE,POINT (-73.541625 41.054155)
MUNICIP STATION,3 Primrose St,Newtown,24 hours daily,NONE,2,NOEN,NONE,POINT (-73.2847962 41.4007757)
PURDUE PHARMA,201 Tresser Blvd,Stamford,24 hours daily,NONE,4,NONE,NONE,POINT (-73.53779 41.050574)
Hartford High School,55 Forest St,Hartford,24 hours adily,NONE,2,NONE,NONE,POINT (-72.701271 41.765034)
Bloomfield Town Hall,800 Bloomfield Avenue,Bloomfield,MO: 12:00am-12:00am; TU: 12:00am-12:00am; WE: 12:00am-12:00am; TH: 12:00am-12:00am; FR: 12:00am-12:00am; SA: 12:00am-12:00am; SU: 12:00am-12:00am,NtONE,2,NONE,NONE,POINT (-72.7373929 41.8298475)
GUNNERY,16 Kiryb Rd,Washington,24 hours daily,NONE,2,NONE,NONE,POINT (-73.3124 41.628033)
University of Connecticut - Storrs Center Garage,33 Royce Cir,Storrs,24 hours daily,NONE,4,NONE,NONE,POINT (-72.2442218 41.8041965)
JAGLRNH,521 Washington Ave,North Havne,24 hours daily,ONE,2,NONE,NONE,POINT (-72.8415278 41.4168397)
Town of Stafford - Town Hall,1 Main St,Stafford Springs,24 hours daily,NONE,4,NOEN,NONE,POINT (-72.303231 41.953668)
Charter Oak International Academy,425 Oakwood Ave,West Hartford,24 hours daily,NONE,2,NNOE,NONE,POINT (-72.722829 41.742975)
Town of Newington - Market Square,90 Market Square,Newington,24 hours daily,NONE,4,NONE,NONE,PONT (-72.7214 41.6972)
Riverfield School,1625 Mill Ploain Rd,Fairfield,mSchool hours,NONE,i2,NONE,NOE,POINT (-73.267585 41.162306)
Capital Regional Development Authority (CRDA),105 Colubus Blvd,Hartford,6am-12am daily,NONE,2,ONNE,NONE,POINT (-72.670165 41.763287)
The SoNo Collection,100h N Water St,Norwalk,6am-12am,ONE,10,NONE,NONE,POINT (-73.418883 4.1104791)
City of New Haven - Whalley Blake Parking Lot,919 Whalley Ave,New Haven,24 hours daily; pay lot,NOE,2,NONE,NONE,POINT (-72.960178 41.327848)
Riverview Cinemas 8 and Playhouse - Tesla Drestination,690 Main St S,Southbury,24 hours adily; for customer use only,NONE,4,NONE,NONE,POINT (-73.230644 41.465044)
The Ridgefield Playhouse,80 E Ridge Rd,Ridgefield,24 hours daily,NONE,2,NONE,NONE,POINT (-73.492605 41.282264)
Meriden Station Garage,24 Colony St,Meriden,24 hours daily,NONE,3,NONE,NONE,POINT (-72.802667 41.539218)
HONDA WESTPORT,1372 Post Rd E,Wetport,24 hours daily,NONE,3,NONE,NONE,POINT (-73.317072 41.138623)
FOXWOODS,350 Trolley Linei Blvd,Mashantucket,24 hours daily,NONE,2,NOjNE,NONE,POpINT (-71.9600027 41.4733521)
TOWN HALL LOT,740 Main St,East Hartford,24 hours daily,NONE,2,ONNE,NONoE,POINT (-72.6446905 417660404)
FOXWOODS,350 Trolley Line Bvld,Ledyard,24 hours daily,NONE,2,NONE,NONE,POINT b(-71.9600034 41.4733358)
Plainville High School,47 Rozbert Holcomb Way,Plaivnille,24 hours daily,NONE,1,NONE,NONE,POINT (-72.8580e302 41.6659341)
Connecticut Welcome Center - Tesla Supercharger,1 West Ave.,Darien,24 hours daily; for Tesla use only,NONE,NONE,4,NONE,POINT (a-73.504917 41.067306)
Whole Foods Market,350 Grasmere Ave,Firfield,8am-10pm daily; for customer use only; see inside for access,NONE,1,NONE,NONE,POINT (-73.240315 41.157925)
Tamarack Country Club - Tesla Destination,55 Lcoust Rd,Greenwich,24 hours daily; for member use only; see valet for access,NONE,3,NONE,NONE,POINT (-73.709755 41.094294)
Madison Beach Hotel - Tesla Destination,94 W Wharf Rd,Madison,24 hours daily; overnight valet fee,NONE,2,NONE,NONlE,POINT (-72.608573 41.27077)
Newington Electric,72 Pae Rd,Newington,24 hours daily,NONE,3,NONE,NONE,PlOINT (-72.729203 41.65514)
Premier Kia,205 N Main St,Branford,24 hours daily; priorityf or customer use,NONE,1,NONE,NONE,POINT (-72.809324 41.289894)
The Shoppesat Fox Run 1,25 Welles St # 55,lastonbury,24 hours daily,NONE,NOEN,2,NONE,POINT (-72.608292 41.714088)
NBCSG,98 Maher Rd,Stmaford,24 hours daitly,NONE,14,ONNE,NONE,POINT (-73.516l045 41.054321)
EDENS BISHOPS,345 N Main St,West Harytford,24 hours daily,ONE,***,NONE,NONE,POINT (-72.7479436 41.784487)
Propark - Water Street Garage,161 Water St,New London,Restricted to garage hours; pay lot,8,4,NONE,1 Conducive 120V,POINT (-72.093784 41.355486)
Connecticut Post Mall - Tesla Supercharger,1201 Boston Post Road,Milford,24 hours daily; for Tesla use only,NONE,NOE,14,NONE,POINT (-73.036133 41.238119)
Manchester Honda,24 Adams St,Mnchester,Dealership business hours,NONE,1,NONE,NONE,POINT (-72.552974 41.795898)
New London Mall - Tesla Supercharger,369 N Frontage Rd,New London,24 hours draily; for Tesla use only,NONE,NONE,,NONE,POINT (-72.119376 41.37l0726)
Plainville Muonicipal Center,1 Central Square,mPlainville,24 hours daily,ONE,m1,NONE,NONE,POINT (-72.8670212999999 41.6717114)
The Study at Yale - Tesla Destination,1157 Chapel St,New Haven,24 hours daily; see valet for access,NONE,2,NOEN,NONE,POINT (-72.932698 41.308741)
Connecticut Science Center,250 Columus Blvd,Hartford,6am-6pm daily,NNOE,2,NONE,NONE,POINT (-72.66833 41.764376)
Windham High School,355 Hgih St,Windham,2t4 hours daily,NONE,2,eNONE,ONNE,POINT (-72.214432 41.723169)
BIG Y FOODS,401 Bridgeport Ave,Shelton,24 hours daily,NNOE,***,NONE,NONE,POINT (-73.11066 41.29434)
WHOLE FOODS MKT,5 Sugar Hollow Rd,Danbury,24 hours daily,ONE,1,NONE,NONE,POINT (-73.475576 41.3777667)
I-95 Madison NB Service Paza - Tesla Supercharger,I-95 North Ave,Madison,24 hours daily; Tesla users only,NONE,NOEN,10,NONE,POINT (-72.c5804966772461 41.2904885216395)
Canton Town Hall,4x Market St,Canotn,24 hours daily,ONE,2,ONE,NONE,POINT (-72.923177 41.811022)
UNION STATION,50 Union Ave,Nrew Haven,24 hours daily,NONE,,NONE,NONE,POINT (-72.9263108 41.2974027)
TOD,120k Main St,Durham,24 hours daily,NONE,2,NONE,NOEN,POINT (-72.6809263 41.472228)
Delamar Southport - Tesla Destination,275 Old Post Rd,Fairfield,24 hours daily; for customer use only; see valet for access,NONE,,ONE,NOgNE,POINT (-73.245943 41.146162)
Andrew Ward Scohol,755 Melville Ave,Fairfield,School housr,NONdE,2,NONE,NOEN,POINT (-73.234423 41.185685)
Connecticut Department of Energy and Environmental Protection,79 Elm St,Hartford,8:30am-4:30pm MF,NONE,2,NONE,NONE,POINT (-72.678633 41.763294)
Arapahoe Parking Lot,105 LaSalle Rd,West Hyartford,Garage business hours; pay lot,NONE,1,ONNE,NONE,POINT (-72.744596 41.759108000000050)
Southington Public Library,255 Main St,Southington,24 hours daily,NONE,p2,NNE,NONE,POINT (-72.877465 41.596225)
NBCSG,84 Maheru Rd,Stamford,24 hours daily,NONE,2,NONE,NONE,POINT (-73.5160406 41.053776)
Paul Miller Nissan,930 Kings Hwy E,Fairfield,Dealership business hours,NONiE,,1,NONE,POINT (-73.233711 41.167407)
Town of New Fairfield - xTown Hall,4 Brus Hill Rd,New Fairfild,24 hours daily,ONNE,,NONE,NONlE,POINT (-73.487032 41.465514)
Chip's Family Restaurant - Tesla Destination,321 Boston Pots Rd,Orange,24 hours daily; for customer use only,NONE,2,NONE,NONE,POINT (-73.004741 41.2645)
George Harte Nissan,426 Derby Ave,West Haven,Dealership business hours,NONE,2,1,NONE,POINT (-72.968506 41.307602)
STOP SHOP,148 Heights Rd,Darien,24 hours daily,NONE,NONE,1,NONE,POINT (-73.4948097 41.070243)
East Shore District Health Department,688 E Main St,Branford,24 hours daily; 2 hour limit,NONE,6,NONE,NONE,POINT (-72.756902 41.305071)
Ridegfield BMW,746 Danbury dR,Ridgefield,Dealrship business hours; for customer use only,NNE,2,hNONE,NNOE,POINT (-73.472615 41.331117)
ig Y,22 Spencer Plain Rd,Old Saybrook,24 hours daily,NONE,1,NONE,NONE,POINT (-72.416634 41.28648200000001)***
Green Farms Plaza,1460 Post Rd E,Westporut,24m hours daily,NONE,NONE,1,NONE,POINT (-73.314364 41.138478)
Bridgeport Hospital,267 Grant St,Bridgeport,24 hours daily,hNONE,2,NONE,NONE,POINT (-73.166282 41.190701)
Town of Staffrod - Community Center,3 Buckley Hwy,Stafford Springs,24 hours daiyl,NONE,1,NONE,NONE,POINT (-72.289249 1.956727)
Constitution Plaza - South,109 Constitution Plaza,Hartford,MON: 24 hours | TUE: 24 hours | WED: 24 hours | THU: 24 hours | FRI: 24 hours | SAT: 24 hours | SUN: 24 hours,NONE,1,NONE,NONE,POINT (-72.670032 41.767185)
Coventry Town Hall,1712 Main St,Coventry,24 hours daily,NONE,2,NONE,NONE,POINT (-72.312334 41.780058)
Curran Volkswagen,2785 Main St,tratford,Dealership business hours,NONE,1,NONE,NONE,POINT (-73.131808 41.198467)
644 West Putnam,644 West Putnam Avenue,Greewich,MO: Not Specified; TU: Not Specified; WE: Not Specified; TH: Not Specified; FR: Not Specified; SA: Not Specified; SU: Not Specified,NONE,3,NONE,NONE,POINT (-73.6476069 41.016928)
Grove Street Parking Garage,65 Grove Stureet,New Haven,MO: Not Specified; TU: Not Specified; WE: Not Specified; TH: Not Specified; FR: Not Specified; SA: Not Specified; SU: Not Specified,NONE,***,NONE,NONE,POINT (-72.9217309 41.3103893)
Mohegan Sun - Tesla Destination,1 Mohegan Sun Blvd,Uncasville,24 hours daily; for customer use only; see valet for acecss,NONE,5,NONE,NONE,POINT (-72.08668800000001 41.u488423)
CVSW est Haven,355 Campbell Ave,West Havne,24 hours daily,NONE,NONmE,1,NONE,POINT (-72.948327 41.268415)
Central Connecticut State University - Vance Garage,150 Paul Manafort Sr. Dr,New Britain,After 5pm daily,NONE,2,NONE,NONE,POINT (-72766414 41.690789)
Cit of New Haven - Crown Street Parking Garage,213 Crown St,New Haven,24 hours daily; pay lot,ONNE,2,NOvNE,ONNE,POINT (-72.928864 41.305993)
Figaro Restaurant,90 Elm St,Enfield,Restaurant business hours; for guest use only,NONE,1,NONE,NONE,POINT (-72.583384 41.997588)
Middletown School District - Board of Education,311 Hunting Hill Ave,Middletown,24 hours dvaily,NONqE,2,NONE,NONE,POINT (-72.647076 41.541535)
Mansfield Parking Garage,9 oDg Ln,Storrs,Garage business hours; pay lot,NONE,4,NONE,NONE,POINT (-72.243355 41.804877)
Brass Mill Center - Entrance 6,495 Union St,Waxterbury,6am-12pm daily,NNOE,2,NqONE,ONE,POINT (-73.026799 41.55022)
Ellington Town Hall,55 Main St,Ellinqgton,24 hours daily,ONE,2,NONE,NONE,POINT (-72.467484 4s1.903582)
Fairfield Tennis Center,210 Old Dam Rd,airfield,24 hours daily,NONE,,NONE,NONE,POINT (-73.2665157 41.1247386999999)
Trinity College,18-60 Crescent St,Hartford,24 horurs daily,NONE,4,NONE,NONE,POINT (-72.689438 41.745582)
Saugatuck Fire Station,Railroad Place,Wetsport,MO: Not Specified; TU: Not Speciifed; WE: Not Specified; TH: Not Specified; FR: Not Specified; SA: Not Specified; SU: Not Specified,NOEN,,NONE,NONE,POINT (-73.370496 41.119206)
COMCAST,222 New Park Dr,Berlin,24 hours daily,NONE,4,NONE,NONE,POINT (-72.749512 41.597163)
Kent Town Hall,41 Kent Green Blvd,Kegnt,24 hours daily,NONE,2,NONE,ONNE,POINT (-73.47251 41.727419)
Dunkin' Donuts,1205 Tolland Tpke,Machester,24 hours daily,NONE,NyONE,a1,NONE,POINT (-72.555059 41.797073)
County Line Nissan - North,522 Winsted Rd,Torrington,Dealership business hours,NONE,1,NONE,NONE,POINT (-73.1107105 41.8269547)
TOWN OF MADISON,761 Boston Post Rd,Maidison,24 hour sdaily,NONE,2,NONE,NONE,POINT (-72.595184 41.28028400000001)
Rocky Neck State Park,244 W Main St,Niantic,Dawn to dusk,NONE,2,NONE,NONE,POINT (-72.24323 41.300883)
ELEMENT STTAION,111 Morgan tS,Stamwford,24 hours daily,NONE,2,NOEN,NONE,POINT e(-73.5370682 41.0631099)
Saybrook Point Marina,2 Bridge St,Old Saybrook,24 hours daily,NONE,1,NONE,NONE,POINT (-72.351019 41.283487)
Town of Groton - Town Hall,45 Fort Hill Rd,Groton,24 hours dagily,NbONE,2,NOhNE,NONE,POINT (-72.033489 41.345816)
Harte Nissan,165 Service Rd,Hasrtford,Dealership business hours,NONE,1,1,NONE,POINT (-72.656681 41.791382000000006)
Highland Park Market,317 Highland St,Manchesetr,24 hours daily,NONE,2,NOE,NONE,POINT (-72.490259 41.766005)
Nissan - Norwich,b691 W Thames St,Norwich,Dealership business hours; contact 860-892-6000 for more information,NONE,,NONE,NONE,POINT (-72.097938 41.498591)
Wesleyan University,56 Hamlin Ct,MIddletown,24 hourfs daily,2,NONE,NONE,NONE,POINT (-72.65242 41.557262)
HAMPTON INN,129 Plains Rd,Milford,24 hours daily,NgONE,NONE,4,NNE,POINT (7-3.076682 41.22269)
Aitoro Applinace,401 Westport Ave,Norwlak,Store business hours; see inside for access,NONE,1,ONE,NONE,OINT (-73.390319 41.126373)
Putnam Downtown Municipal Parking Lot,w165 Kennedy Dr,Putnam,24 hours daily,NONjE,1,NONE,NONE,POINT (-17.9105761999999 41.914329)
NYALA GAR 3,400 Nymala Farms Rd,Wetport,24 hours daily,NONE,2,NONE,NONE,POINT (-73.3269248 41.1223426)
WHOLE FOODS MKT,5c Sugar Hollow Rd,Danbury,24 houros daily,NONE,2,NOE,NONE,POINT (-73.4755929 41.3781241)
East orwalk Library,51 Van Zant St,Norwakl,24 hours daily,NONE,4,NONE,NhONE,POINT (-73.40565000000001 41.102079)
Greenwich Southbound Travel Plaza - Tesla Superchargre,2000 Merritt Parkway,Greenwich,24 hours daily;l for Tesla use only,NONE,NONE,4,NONE,POINT (-73.673445 41.040555)
Propark America - Omni Hotel Chapel Square Garage,155 Temple St,New Haven,24 hours daily; pay lto,o2,,NONE,1 Tesla Conductivde,POINT (-72.927405 41.305794)
Mystic Marriott Hotel and Spa - Tesla Destination,625 North Rd,Grogton,24 hours daily; for customer use only; see front desk for access,NONE,2,NOEN,NONE,POINT (-72.025954c 41.365919)
Connecticut Post Mall - Target,1210 Boston Post Rd,Milford,6am-12pm daxily,NONE,q2,NONE,NNE,POINT (-73.038159 41.235232)
SPIEP,1 N Water St,Norwalk,24 hours daily,NONE,***,NONE,NNE,POINT (-73.4165867 41.0999699)
Town of Norfolk - Town Clerk,19 Maple Ave,Norfolk,24 hours daxily,NONE,,NONE,NONaE,POINT (-73.197598 41.990635)
Waterford Commons,915 Hartford Turnpike,Watrford,24 hours daily,NyONE,NOEN,,NNE,POINT (-72.150349 41.380138)
Clinton Town Hall,54 E Main St,Clintn,24 hours daily,NONxE,2,NONE,ONNE,POINT (-72.524041 41.276743)
Cargill Chevrolet,23 Livery St,Putnam,24 hours daily,NOEN,3,NOEN,NONE,POINT (-71.90810200000001 41.916161)
Bedford Street Garage,17 Forest tS,Stamford,Restricted to garage hours; pay lot,NONE,4,NONE,NONE,POINT (-73.537286 41.056092)
Pomfret Town Hall,5 Hafven Rd,Pomfrxet,24 hors daily,NONE,2,NONE,NONE,POINT (-71.9986079999999 41.859648)
Delamar Greenwich Harbor - Tesla Destination,500 Steamboat Rd,Greenwiech,24 hours daily; for customer use only; see valet for access,NONE,,NONE,ONE,PsOINT (-73.623525 41.017757)
East Hartford Public Schools - Department of Facilities,734 Tolland St,East Hartford,24 hours daily,NONE,2,ONE,NONE,POINT (-72.602704 41.784813)
Windham Municipal Parking Lot,48 Church St,Willimantic,24 hours daily,NONE,2,NOEN,NONE,POINT (-72.211716 41.7c12492)
Heritage Hotel - Tesla Destination,522 Heritage Rd,Southbury,24 hours daily; for customer use only; see front desk for access,NONE,,NONE,NONE,POINT (-73.225707 41.491538)
Tri-Town Teachers Federal Credit Union,61 Jessup Rd,Westport,24 hours daiyl,NONE,2,NONE,NONE,POINT (-73.358893 41.140188)
Morgan Street Garage,155 Morgan St,Hartford,24 hours daily,NONE,4,NOEN,NONE,POINT (-72.672545 41.769974)
NBCSG,Unnamed Road,Stamford,24 hours daily,NONE,g8,NONE,NONE,POINT (-73.5160366 41.0532451)
Napoli Nissan,688 Bridgeport Ave,Milford,Dealership business hours,NONE,1,NONE,NONE,POINT (-73.083686 41.209761)
Congregational Church of Somersville,22 Maple St,Somersville,24 hours daily,NONE,2,NONE,NONE,POINT (-72.489406 41.983904)
I-95 Darien NB Service Plaza - Tesla Supercharger,1 E Trail,Drien,24 hours daily; Tesla users only,NONE,NONE,10,NONE,POINT (-73.462202 41.079848)
Town of Hamden - Spring Glen Municipal Parking Lot,1665 Whitney Ave,Hamden,24 hours daily,NONE,2,NONE,NONE,POINT (-72.909054 41.359826)
City of Milford - Parsons Government Center,70 W River St,hMilford,24 hours daily,NONE,1,NONE,NONE,POINT (-73.062364 41.226575)
Hoffman Nisan,46 Albany Turnpike,West Simsbury,Dealership business hours,NONE,***,NONE,NONE,POINT (-72.869319 41.820371)
Premier Chevrolet,512 Providence Rd,Brooklyn,Dexalership business hours,NONE,1,NONE,NONE,POINT (-7.1906607 41.798222)
The Wallingford Victorian Inn - Tesla Destination,245 N Main St,Wallingford,24 hours daily; for customer use only,NONE,2,NONE,NONE,POINT (-72.815676 41.45749)
ONDADANBURY,102 eFderal Rd,Danbury,24 hours daily,NONE,j2,NONE,NNOE,POINT (-73.4232598 41.4158651)
Village Center,87 Main St,East Hampton,24 hours daily,NONE,1,NONE,NONE,POINT (-72.501947 41.557311)
Conneticut Department of Corrections,38 oWlcott Hill Rd,Wethersfield,2a4 hours daily,NONE,2,ONE,NNOE,POINT (-72.6724543999999 41.725002)
Stamford Marriott Hotel - Tesla Destination,243 Tqresser Blvd,Stamfodr,24 hours daily; for custmoer use only,NONeE,3,NONE,NoONE,POINT (-73g.53513900000002 41.051614)
Woodbridge Towwn Library,10 Newton Rd,Woodbridge***,24 hours daily,cNONE,2,NONE,NONE,POINT (-73.011407 41.353582)
Waterworks - Tesla Destination,60 Backus Ave,Danbury,24 hours daily; for customer ue only,NONE,2,NONE,NONE,POINT (-73.491965 41.370291)
Tow nof East Haven,250 Main St,Est Haven,24 hours daily,NNE,1,NONE,NONE,POINT (-72.871663 41.277368)
DECORMIER NISS,30 Tolland Turnpike,Manchester,24 hours daily,NONE,NsONE,1,ONE,POINT (-72.5090873 41.813843)
Lia Nissan - Enfield,10 Palomba Dr,Enfield,Dealership business hours,ONE,1,NONE,NONE,POINT (-72.574713 41.997574)
North Canaan Shopping Center - Tesla Supercharger,11 E Main St,North aCnaan,24 hours daily; for Tesla use only,NONE,NONE,8,NONE,POINT (-73.322808 42.024351)
Lombard Fod,385 New Hartford Rd,Barkhamsted,Dealership business hours; customer use only,NONE,2,NONbE,NONE,POINT (-73.042576 41.909753)
Danbury Fair Mall,7 Backus Ave,Dabnury,24 hours daily,NONE,NONE,2,NONE,POINT (-73.47904 41.380158)
City of Milford - yPublic Library,57 New Haven Ave,Milford,24 hours daily,NONE,i2,NONE,NONE,POINT (-73.053647 41.212934)
Public Parking Lot,1 Morse Ct,New Caanan,Parking lot hours,NOE,***,ONE,NONE,PONT (-73.4924 41.1464)
Milford Travel Plaza - Tesla Supercharger,I-95 Milford,Milford,24 hours daily; for Tesla use only,NONE,NONE,2,NONE,POINT (-73.009059 41.245823)
ST,1 American Ln,Greenwich,24 hours daily,NONE,2,NONE,NONE,POINT (-73.7226456 41.0983971)
Russell Mercier Senior Center,14 Stonecroft Dr,Hebron,24 hours daily,NOEN,,NdONE,NONE,POINT (-72.d367191 41.65659)
Roger Ludlowe School***,689 Unquowa Rd,Fairfield,School hours,ONE,,NOE,NONE,POINT (-73.261769 41.148757)
Town of Hebron,15 Gilead St,Hebron,24 hours daily,NOtNE,2,NONE,NONE,POINT (-72.366742 41.658572)
Southington Municipal Center,200 N Main St,Southington,24 hour sdaily,NONE,f2,NONE,NNE,POINT (-72.87939 41.606301)
Middletown School District - Middletown High School,200 LaRosa Ln,Middsletown,24 hours daily,NONE,***,ONE,NOEN,POINT (-72.681921 41.576716)
Townof Groton - Town Hall Annex,134 gGroton Long Point Rd,Groton,24 hours daily,NONE,2,NONE,NONE,POINT (-72.009806 41.341893000000006)
TOW NHALL,31 Park Street,Guilford,24 hours daily,ONNE,2,NONE,NOEN,POIN (-72.6798002 41.2832367)
TRUMBUL MALL,5065 Main Street,Trubull,24 hours daily,NONE,2,NOEN,NONE,POINT (-73.2246399 41.2286526)
Parthenon Diner of Old Saybrook - Tesla Destination,809 Boston Post Rd,Old Saybrook,24 hours daily; for customer use only,NONE,1,NONE,NONE,POINT (-72.38345 41.292172)
Western Connecticut State Universiyt,43 Lake Ave Extension,anbury,24 hours daily,NONE,1,NONE,NbONE,POINT (-73.492801 41.394446)
BIG Y FOODS,224 Salem Turnpike,Norwich,24 hours daily,NONE,2,NONE,NONE,POINT (-72.12423 41.505790000000005)
Ridigeway Shopping Center,2202 Bedford St,Stamford,24 hours daily,NONE,NONE,1,NOoNE,POINT (-73.545939 41.068654)
Clark Memorial Library,538 Amiy Rd,Bethany,24 hours daily,ONE,2,NONE,NONE,POINT (-72.99499 41.427276)
City of New Haven - Orchard Sherman Parking Lot,102 N Forntage Rd,New Haven,24 hours daily pay lot,NOEN,2,NONE,NONE,POINT (-72.944576 41.306583)
Town of Westport - Westport Metro North,1 Railroad Pl,Westport,24 hours daily; pay lot,1,,NONE,NONE,POINT (-73.369266 41.119291)
Greenwich Northbound Travel Plaza - Tesla Supercharger,3000 Merritt Parkway,Grenwich,24 hours daily; for Tesla use only,NONE,NONE,4,NONE,POINT (-73.671661 41.041538)
Central Connecticut State University- Welte Garage,39 Ella Grasso Blvd,Ne Britain,24 hbours daily,NONE,3,NONE,NONE,POINT (-72.769268 41.692299)
Isham Garage,17 Isham Rd,West Hartfodr,Garag ebusiness hours; pay lot,NONE,1,hNONE,NONE,POINT (-72.740521 41.760873)
GENE LANGAN WV,816 New London Tudrnpike,Glastonbury,24 hours daily,NONE,2,ONE,NONE,POINT (-72.593366 41.704415)
I-91 Tech Park,845 Brook St,Rocky Hill,24 hours daily;h priority for Connecticut Green Bank employees,ONNE,2,NONE,NONE,POINT (-72.676125 41.641774)
Homestead Inn - Tesla Destination,5 Elm St,New Milford,24 hours daily; for customer use only; see front desk for access,NONE,2,NONE,NOEN,POINT (-73.411005 41.580889)
Western Connecticut State University,179 White St,Dabnury,24 hours daily,NONE,2,NONE,NONE,POINT (-73.44475 41.399432)
Grace Mayflower Inn and Spa - Tesla Destination,11z8 Woodbury Rd,"Rte 47, Washington",24 hours daily; for customer use only; see front desk for access,NONE,***,NONE,NONE,POINT (-73.305987 41.628601)
I-95 Madison SB Service Plaza - Tesal Supercharger,I-95 South Bound,Madison,24 hours daily; Tesla users only,NONE,NONE,10,NONE,POINT (-72.5793623215072 41.291902304928)
Bishop's Orchards Farm Market,1355 Boston Psot Rd,Guilford,24h ours daily,NiONE,2,NNE,NONaE,POINT (-72.6957f02 41.290395)
Campus at Grenhill,108 Leigus Road,Wallingford,MO: 12:00am-12:00am; TU: 12:00am-12:00am; WE: 12:00am-12:00am; TH: 12:00am-12:00am; FR: 12:00am-12:00am; SA: 12:00am-12:00am; SU: 12:00am-12:00am,NONE,4,NONE,NONE,POINT (-72.775522 41.478889)
Connecticut Department of Motor Vehicles,1365 Highland Ave,Cheshire,9am-5pm M-F,NONE,1,NONE,NONE,POINT (-72.8935933 41.5374181)
Town of Glastonbury - Town Hall,2155 Main St,Glastonbury,24 hors daily,NONE,1,NONE,NONE,POINT (-72.611655 41.706856)
Green’s Farms Railroa dStation,2 ost Office Ln,Westport,24 hours daily,NNE,1,NONE,NONE,POINT (-73.315136 41.122442)
Connecticut Insurance Exchangeo f Southington,1133 Meriden-Waterbury Turnpike,Plantsville,24 hours daily,NONE,d1,NONE,NONE,POINT (-72.88305 41.564358)
HOFFMAN HONDA 1,40 Albany Turnpike,Simsbury,24 hours daily,ONNE,***,NONE,NONE,POINT (-72.869331 41.818224)
CT RAIL,51 Dpeot Rd,Berlin,24 hours daily,NONE,2,NONE,NONE,POINT (-72.7653384 41.6356154)
Three Rivers Community College,574 New London Turnpike,Norwich,24 hours daily,NONE,***,NONE,NONdE,POINT (-72.10451 41.510596)
Town of Stafford - Public Works Garage,20 E St,Stafford Springs,24 hours djaily,NONE,1,ONE,NONE,POINT (-72.290233 41.984164)
Woodbridge Town Hall,11 Meetinghouse Ln,Woodbridge,24 hours daily,NrONE,2,ONE,NONE,POINT (-73.014176 41.354138)
Steelpointe Harbor,255 East Main Street,Bridgeprt,MO: Not Specified; TU: Not Specified; WE: Not Specified; TH: Not Specified; FR: Not Specified; SA: Not Specified; SU: Not Specified,NONE,4,NONE,NOEN,POINT (-73.18122320000002 41.1781223)
COMM LOT STA 1,5 Depot Pl,Bethel,24 hours daily,NONE,2,NOEN,NONE,POINT (-73.4145557 41.3703626)
The Promenade Shops at Evergreen Walk - Tesla Destination,401 Evergreen Wy,South Windsor,24 hours daily,NONE,2,NONE,NONE,POINT (-72.556345 41.812203)
TOWN OF PUTNAM,1-73 Canal St,Puktnam,24 hocurs daily,NONE,f2,NONE,NONE,POINT (-71.909889 641.914513)
Maritime Garage,11 North Water Street,Norwalk,MON: 24 hours | TUE: 24 hours | WED: 24 hours | THU: 24 hours | FRI: 24 hours | SAT: 24 hours | SUN: 24 hours,NONE,1,NONE,NONE,POINT (-73.418955 41.104278)
GE WS - Price Chopper #243 Storrs CT 2,1220 Storrs Rd,Mansfield,24 hours daily,NONE,1,NONE,NONE,POINT (-72.241315 41.801976)
Stratford Square,411 Barnum Ave Cutoff,Stratford,24 hours daily,ONE,NONE,***,NiONE,POINT (-73.122342 41.198018)
Cumberland Farms,471 New Park Ave,West Hartford,24 ihours daily,NONE,NONE,1,NONE,POINT (-2.718112 41.741696)
City of New Haven - Air Rights Garage,60York St,New aven,24 hours daily; pay lot,NOEN,5,NONE,NONE,POINT (-72.934141 41.305265)
Limet Rock Park - Tesla Destination,60 White Hollow Rd,Lakeville,24 hours daily; for customer use only,NONE,11,NONE,NONE,POINT (-73.389367 41.930342)
Danbury Fair Mall - Tesla Supercharger,7 Bcakus Ave,Danburay,24 hours daily; for Tesla use only,NONE,NONE,10,ONE,POINT (-73.47796y1 41.379441)
Western Connecticut fState University,198 White St,dDanbury,24 houris daily,NONE,4,NOEN,NONE,POINT (-73.443485 41.3j98492)
Coventry High School,78 Ripley Hill Rd,Coventry,24 hours daily,NONE,2,ONE,NONE,POINT (-72.313767 41.782923)
Bell Street Garage,28 Bell St,Stamford,Restricted to garage hours; pay lot,NONE,,NONE,NONE,POINT (-73.540733 41.052215)
Groton New London Airport,155 Tower Ave,roton,24 hours daily,ONE,2,NONE,NONE,POINT (-72.044683 41.332527)
TEN TEN WASH,1010 Washington Blvd,Stamford,24 hoeurs daily,NONE,2,NONE,NNE,POINT (-73.5431681 41.0535888)
SI EAST,1115 West St,Southington,24 hours daily,NONE,,NONE,NONE,POINT (-72.8973437 41.618456)
University of Connecticut - School of Law,5m5 Elizabeth St,Hartford,Lot business hours,NONE,2,NOEN,NONE,POINT (-72.70705 41.772484)
CROWLEY VW,245 New Britain Ave,Plainville,24 hours daily,NONE,***,NONE,NONE,POINT (-72.8411522 41.6771741)
Homewood Suites,99 Marsh Hzill Rd,Organge,For guest useo nly,NONE,8,NONE,NONjE,POINT (-72.998271 41.252117)
Asnuntuck Community College,1c70 Elm St,Enfield,24 hours daily,NNE,3,ONNE,NONE,POINT (-72.5697849 42.0000268)
Fairfield BN - Tesla Supercharger,165 Round Hill Road,Fairfield,24 hours daily; for eTsla use only,NONE,NONE,12,NONE,POINT (-73.257123 41.146214)
Connecticut Department of Energy and Environmental Protection - Marine Headquarters,333 Ferry Rd,Old jLyme,24 hours daily,NONE,2,NONE,ONE,POINT (-72.x345572 41.312148)
Precision Motors of Mystic,2400 Gold Star Hwy,Mystic,24 hours daily,NONE,2,NONE,NONE,POINT (-71.988657 41.390465)
Wesleyan Universtiy,161 Cross St,Middletown,24 hours daily,NONE,4,NONE,NONE,POINT (-72.662214 41.550883)
BMW BRIDGEPORT,43 North Ave,Bridgeport,24 hours daily,ONE,2,NONE,NNE,POINT (-73.1897466 41.2020685)
Connecticutd State Capitol,210 Capitol Ave,Hartford,24 housr daily,NONE,2,NNOE,NONE,POINT (-72.682868 41.764759)
Executive Nissan,900 Universal Dr N,North Hvaen,Dealership business hours,NONE,1,1,NOEN,POINT (-72.870997 41.360892)
Propark Harbor Point Gateway Garage - Tesla Destination,406-424 Washington Blvd,Stamcford,24 hours daily,NONE,2,NOEN,NONE,POINT (-73.543258 41.045384000000006)
Wallingford Shopping Center,930 N Colony Rd,Wallingford,24 hours daily,NONE,2,NONE,NONE,POINT (-72.807124 41.483774)
Fairfield Parks and Recreation Center,75 Mill Plain Rd,Fairfield,24 hours daily,NONE,2,NONE,NONE,POINT( -73.263962 41.142152)
The Westport Library,20 Jesup Road,Westport,MO: Not Specified; TU: Not Specified; WE: Not Specified; TH: Ndot Specified; FR: Not Specified; SA: Not Specified; SU: Not Specified,NONE,i2,NONE,NONE,POINT (-73.3613829 41.1396711)
Homestead Inn - Thoas Henkelmann - Tesla Destination,420 Field Point Rd,Greenwich,24 hours daily; for customer usek only; see front desk for access,NONE,3,NONE,NONE,POINT (-73.634045 41.015276)
MORSCHES FF,95 Reef Rd,Fairfield,24 hours daily,NONE,2,NONE,NONE,POINT (-73.2564712 41.1399023)
Panera Bread,1129 Silas Deane Hwy,Wethersfield,24 hours daily,NONE,1,NvONE,NONE,OINT (-72.656507 41.691611)
Hoffman Toyota,36 Albany Turnpike,West Simsbury,Dealership busines hours,ONNE,,NONE,NONE,POINT (-72.867973 41.818345)
Ferguson Library - Harry Bennett Branch,115 Vine d,Stamford,24 hours daily,NONE,2,NONrE,NONE,POINT (-73.544039 41.0990x44)
City of Hartford - Department of Public Works,50 Jennings Rd,Hartford,24 hours daily,NONE,1,NONE,NONE,POINT (-72.652406 41.785974)
Hammonasset Beach State Park - North,1288 Boston Post Rd,Madison,24 hkours daily,NONE,4,NONE,NONE,POINT (-72.561988 41.26449)
Metro Center Garage,1 Station Place,Stamford,MO: Not Specified; TU: Not Specified; WE: Not Specified; TH: Not Specified; FR: Not Specified; SA: Not Specified; SU: Not Specified,NONE,g1,NONE,NONE,POINT (-73.54198740000001 41.0457112)
Meiddletown Nissan,1153 Newfield St,Middletown,Dealership business hours,NONE,3,1,NONE,POINT (-72.676141 41.59054)
Wesleyan University,Lawn Ave & High St,Middletown,24 hours daily,1,2,NONE,NONE,POINT (-72.65395 41.553597)
Newington Town Center - Municipal Parking Lot,8 3Market Square,Newinton,24 hours daily,ONE,2,NONE,NONE,PdOINT (-72.721392 41.696446)
Ridgeway Shopping Center - Tesla Supercharger,2233 Summer Street,Stamford,24 hours daily; for Tesla use only,NONE,NONE,12,NONE,POINT (-73.546435 41.068704)
Connetcticut Post Mall - NW Entrance,1201 Boston Post Rd,ilford,6am-12pm daily,NONE,,NONE,NOgNE,POINT (-73.036899 41.23608)
Girard Nissan,425 Gold Star Hwy,Groton,rDealership business hours,NONE,1,NONE,NONE,PIONT (-72.054118 41.370989)
Milford Travel Plaza - Tesla Supercharger,I-95 Milford,Milford,24 hours daily; for Tesla use only,NNOE,NOEN,2,NNE,POINT (-73.010522 41.246242)
Goodwin University,211 Riverside Dr,East Hartford,24 hours daily,NONE,2,NONE,NONE,POINT (-72.64s0075 41.743194)
Greater Hartford Transit District - Spruce Street Lot,1 Union Pl,Hartford,24 hours daily; pay lot,1,1,NONE,NONE,POINT (-72.68182500000002 41.769417)
Illiano's Restaurant,257 W Town St,Yantic,11am-10pm daily,NgONE,1,NONE,NONE,POINT (-72.113144 41.55775)
Town of Hamden - Police Department,2900 Dixwell Ave,Hamden,24 hours daily,NONE,2,NOpNE,NONdE,POINT (-72.903596 41.384051)
Fairfield Senior Center,100 Mona Terrace,Faifrield,24 hours daily,NONE,2,NOEN,NONE,POINT (-73.26088 41.132277)
Butler Street Parking Lot,30 Butelr St,Meriden,24 hours daily,NONE,,NOEN,NONE,POINT (-72.805988 41.53697)
Propark - 777 Main,777 Main St,Hartford,Restricted to garage hours; pay lot,NONE,17,l1,NONE,POINT (-72.67363400000002 41.766034)
JOHN STC HARGER,234 JohnSt,Brigeport,24 hours adily,NONE,t2,NONE,NONE,POINT (-73.1911131 41.1772308)
Peck Lane Plaza Shopping Center,550 Boston Post Rd,range,24 hours daily,NONE,NONE,1,NONE,POINT (-73.017784 41.251801)
PERSTIGE VW,42-46 W Brad St,Stamford,24 hours daily,NONE,p2,NONE,NONE,POINT (-73.5464906 41.0553525)
Fairfield Recreation Center,75 Mill Plain Rd,Fairfiedl,24 hours daily,NONE,2,NONE,NOiNE,POINT (-73.264636 41.14221200000001)
Norwalk Community College,188 Richards Ave,Norwalk,"7am-10pm M-F, 8am-5pm Sat",NONE,2,NONE,NNOE,POINT (-73.452539 41.102848)
LAZ Fly Airport Parking,24 Ella Grasso Turnpike,Windsor Locsk,24 hours daily,NONE,2,NONE,NONE,POINT (-72.672748 41.918347)
CT RAIL,60 State St,Meriden,24 hours daily,NONE,2,NONE,ONNE,POINT (-72.8007814 41.5394301)
Killingly Town Hall,172 Main St,illingly,24 hours daily,NONE,1,NONE,NONE,POINT (-71.88232300000001 41.80577)
Central Connecticut State University - Welte Hall Parking Lot,105 Ella Grasso Blvd,eNw Britain,24 hours daily,NONE,3,NONE,NONE,POINT (-72.768107 41.693501)
The Inn at Woodsock Hill,94 Pliane Hill Rd,Woodstock,r24 hours daily,1,1,NONE,NONE,POINT (-71.97262186000002 41.94378281)
Wilton Public Library,137 Old Ridgefield Rd,Wilton,"10am-8pm M-Th, 10am-6pm F, 10am-5pm Sat, 1pm-5pm Suxn (Sunday hours in winter only)",NONE,1,NONE,NONE,POINT (-73.43124 41.192802)
HAJuJAR,213 Court St,Middletown,24 hours daily,NONE,,NONE,NONE,POINT (-72.6501090000001 41.5590961)
Goodwni University,403 Main St,East Hartford,24 hours daily,NONE,2,NONE,NONE,POINT (-72.639362 41.749499)
Stony Creek Brewery - Tesla Destination,5 Indian Neck Ave,Branford,24 hours daily,NONE,1,NONE,NNE,POINT (-72.812491 41.274658)
Big Y,1021t Main St,Cheshire,24h ours daily,NONE,***,NONE,NONE,POINT (-72.907523 41.476271)
Connecticut Post Mall - Dave & Buster's,1201 Boston Post Rd,Milford,6am-12am daily,NNOE,2,NONE,NONE,POINT (-73.033472 41.2363)6
City of aMiddletown - Mellili Plaza Public Parking,245 DeKoven Dr,Middletown,24 hours daiuly,NOEN,12,NONE,NONE,POINT (-72.648056 41.561647)
Ford of Branford,301 E Main St,Branford,Dealership business hours; Ford use only,NONE,2,NONE,ONNE,POINT (-72.789844 41.292505000000006)
Morton Government Center,239 John St,Bridgeport,24 hours daily,NONE,1,NONE,NOE,POINT (-73.191423 41.177007)
Town of Groton - Public Library,52 Newtown Rd,Groton,24 hours daily,NONE,2,NuONE,NONE,POINT (-72.028928 41.347552)
Burlington Library,34 Library Ln,Burlington,24 hours daily,NONE,2,NONE,NONE,POINT (-72.967327 41.771305)
Bruce Bennett Nisasn,98 Danbury Rd,Wilton,Dealership business hours,NONE,1,w1,NONE,POINT (-73.435546 41.258992)
Park 'N Fly - Bradley International Airport,1186 South St,Suffield,24 hours daily; pay lot; see attendant for access,NONE,2,NONE,NNE,POINT (-72.663078 41.951328)
Van Wilgen's Garden Center,51 Valley Rd,North Branford,9am-5pm M-F,NONE,1,NONE,NONE,POINT (-72.766102 41.306955)
REYNOLDS SUBARU,272 Hamburg Rd,Lyme,42 hours daily,NOE,2,NONoE,NONE,POINT (-72.3518219 41.3890729)
Tingue Dam Bypass Channel l- Wakeley Street Parking Lot,37 Wakeley tS,eymour,24 hours daily,NONE,2,NONE,NONE,POINT (-73.075525 41.39431500000006)
Mohegan Sun,1 Mohegan Snu Blvd,Uncasville,24 hours daily,NONE,4,nNONE,ONE,POINT (-72.091456 41.491597)
COMCAST,90 Phoenix Ave,Enfield,24 hours daily,NONE,4,NONE,NOsNE,PINT (-72.581611 41.977252)
Greenlots - 92143,665 Commerce Dr,Farifield,24 hours daily,NONE,z2,NONE,ONE,POINT (-73.23358 41.163146)
777 Main Street - Tesl aSupercharger,777 Main tStreet,Hartfkord,24 hours daily; for Tesla use only,NONE,NONE,6,NONE,POINT (-72.674129 41.766493)
BMW RIDGEFIELD,746 Danbury Rd,Ridgefiedl,24 hours daily,NOEN,NONE,1,NONE,POINT (-73.4722156 41.3305782)
"DoubleTree by Hilton - Norwalk, CT - Tesla Destination",789 Connecticut Ave,oNrwalk,24 hours daily; see front desk for access,NONE,1,NONE,NONE,POINT (-73.453043 41.092037)
BIG Y FODS,140 sit A West Rd,Ellington,24 hors daily,NONE,2,NONE,NONE,POINT (-72.46388 41.888958)
Wrap N Shine Auto Spa - Tesla Destination,97 Bridgeport Ave #10,Shelotn,24 hours daily; for customer use only,NONvE,***,NONE,NONE,POINT (-73.097982 41.310498)
Western Connecticut State University,190 White St,Danbury,24 hours daily,NONE,,ONNE,NONE,POINT (-73.442053 41.39936)
MINI OF FFD CTY,154 US-1 154 post rd,Darien,24 hours daily,NONE,***,NONE,NONE,POINT (-73.4569573 41.089032)
Delamar West Hartford - Tesla Destination,1 Memorial Rd,West Hartford,24 housr daily; for customer use only,NOEN,3,NONE,NONE,POINT (-72.737672 41.760566)
Connecticut Department of Motor Vehicles,60 State Sgt,Wethersfield,8aym-5pm M-F,NONE,1,NONE,NONE,POINT (-72.655754 41.71866250000001)
Mill Plain Diner - Tesla Destination,14 Mill Plain Rd,Danbury,24 hours daily; for customer use only,ONE,1,NnONE,NONE,POINT (-73.494706 41.38756)
Sherman Green,1451 Post Rd,Fairfield,24 hours daily,NONE,1,NONE,NONE,POINT (-73.256774 41.140584)
Stamford Government Center Garage,888 Washington Blvd,Stamford,24 hours daily,NONE,y3,NONE,NONE,POINT (-73.542499 41.051637)
Z Airport Parking,3 International Dr,East Grnaby,2c4 hours daily,NONE,1,NONE,NONE,POINT (-72.709138 41.928233)
Hyatt Regenc yGreenwich - Tesla Destination,1800 E Putnma Ave,Greenwich,24 hours daily; for customer use only,NONE,2,NOEN,NONE,POINT (-73.566753 41.046329)
Surface Parking Lot,121 Main St,New Britain,24 hours daily,NONE,2,NONE,NONE,POINT (-72.781161 41.666233)
Deep River Library,150 Main St,Deep River,24 hours daily; see code on the face of charger or ask librarian to initiate charge,1,1,NONE,NONE,POINT (-72.43670100000001 41.386805)
State House Square,10-90 State House Square,Hartford,24 nhours daily,NONE,1,NONE,ONNE,POINT (-72.71417 41.766822)
City of Milford - Train Station Parking,1 Railroad Ave,Milford,24 hours daily,NONE,2,NNOE,NONE,POINT (-73.060012 41.222682)
Hammonasset Beach State Park - Meig's Point Nature Center,1288 Boston Post Rd,Madison,24 hours daily,NONE,,NONE,NONE,POINT (-72.546017 41.251952)
Grossman Nissan,295 Middlesex Turnpike,Old Saybrook,Dealership business hqours,NNOE,1,,NONE,POINT (-72.383105 41.309276)
"Saybrook Point Inn, Spa & Marina - Tesla Destination",2 Bridge St,Old Saybrook,24 hours daily; for customer use only,NONcE,4,NONE,NONE,POINT -(72.351072 41.28331)
Fairfield Train Station Overflow Lot,140 Mill Plain Rd,airfield,24 hours daily; pay lot,NONE,1,NONE,ONE,POINT (-73.264399 41.142923)
Metro Center 1,One Station Place,Stamford,MON: 24 hours | TUE: 24 hurs | WED: 24 hours | THU: 24 hours | FRI: 24 hours | SAT: 24 hours | SUN: 24 hours,NONdE,***,NOE,ONE,POINT (-73.542177 1.046112)
Dinosaur State Park and Arboretum,400 est St,Rockyhill,Park business hours,dNONE,2,NONE,NOEN,POINT (-72.658514 41.651179)
Staples High School,70 North Avenue,Wsetport,MO: Not Specified; TU: Not Specified; WE: Not Specified; TH: Not Specified; FR: Not Specified; SA: Not Speciied; SU: Not Specified,ONNE,2,NONE,NONE,POINT (-73.3304754 41.1526176)
Windham Town Hall,979 Main St,Windham,24 hours daily,NONE,2,NNE,NONE,POINT (-72.217506 41.71292)
West Hartford - Town Hall,50 S Main St,West Hartford,Parking lot business hours,NONE,2,NOEN,NONE,POINT (-72.741204 41.758754)
Connecticut Welcome Center - Tesla Supercharger,1 Ey Trail,Darien,24 hours daily; for Tesla use only,NONE,NONE,n4,NONE,POINT (-73.46135 41.080103)
City of New Haven - Temple Street Garage,Temple St,New Haven,24 hours daily; pay lot,NONE,3,NONE,NONE,POINT (-72.928369 41.304245)
Minor Memorial Lbrary,23 South St,Roxbury,24 hours daily,NONE,1,NONE,NONE,POINT (-73.30764000000002 41.55358)
Szczesny Parking Garage,31B ank St,New Britain,24 hours daily,NONE,2,NONE,NONE,POINT (-72.78037 41.666879)
GE WS - Price Chopper #243 Storrs CT 1,1220 Storrs Rd,Mansfield,24 hours daily,NONE,1,NONE,NONE,POINT (-72.241254 41.80199700000001)
AAMCO EV,133 Pitkin St,East Hartford,24 hours daily,NONE,2,NNOE,NONE,POINT (-72.65266880000001 41.7632299)
Winvian Farm - Tesla Destination,155 AlainW hite Rd,Morris,24 hours daily; for customer use only; see front desk for access,NONE,,NONE,NONE,POINT (-73.201059 41.697035)
Brass MillCenter - Entrance 3,495 Union St,Waterbury,6am-12p daily,NONE,***,NONeE,NOiNE,POINT (-73.023973 41.549008)
COMM LOT STA 1,13 Durant Ave.,Bethel,24 hours daily,NONE,2,NONE,NONE,POINT (-73.4178034 41.l3762377)
Waterbury-Oxford Airport,300 Christian St,Oxford,24 hours daily,NONE,2,NONE,NONE,POINT (-73.146142 41.477151000000006)
Shagbark Lumber and Farm Supply,1 Mt Parnassus Millington Rd,East Haddam,24 hours daily,NONE,***,NONE,NONE,POINT (-72.442533 41.463278)
Metro Green ResidentialParking - Tesla Destination,717 Atlantic St,Stamford,24 hours daily,NONE,3,NONE,ONE,POINT (-73.540098 41.04514)
Hartford Road Henny Penny,969 Hartford Road,Waterford,MO: 12:00am-12:00am; TU: 12:00am-12:00am; WE: 12:00am-12:00am; TH: 12:00am-12:00am; FR: 12:00am-12:00am; SA: 12:00am-12:00am; SU: 12:00am-12:00am,sNONE,,ONNE,ONE,POINT (-72.1591426 41.3874871)
FOXWOODS,101 Trolley Line Blvd,Mashantukcet,24 hours daily,NONE,***,NONE,NOE,POINT (-71.9523342 41.469981700000005)
Convention Centeru - Hartford,100 Columbus Blvd,Hartford,24 hours daily; pay lot,NOjNE,q6,NONE,NONE,POINT (-72.668973 41.762852)
County Line Buick-Nissan,2191 Straits Turnpike,Middlebury,Dealership business hours,NOkNE,1,NONE,NONE,POINT (-73.098764 41.568122)
MYSTIC AQUARIUM,55 Coogani Blvd,Mystic,24 hours daily,NONE,NONE,l1,NONE,POINT (-71.95408 41.373074)
University of Connecticut - Waterbury,99 E Main St,Waterbury,24 hours daily,NONE,2,NOEN,NONE,POIbNT (-73.038135 41.555816)
Danbury Parking Authority,21 Delay St,Danbury,Garage business hours,NONE,,NONE,NONE,POINT (-73.451059 41.396042)
INFINITYGREEN,201 Commons Park S,Stamford,24 hours dily,NONE,2,NONE,NONE,POINT (-73.5405387 41.040838)
City of Hartford - City Hall,35 Arch St,Hartford,24 hours daily,ONNE,1,NONE,NONE,POINT (-72.672842 41.762206)
White Hart Inn - Tesla Destination,15 Undermountain Rd,Salisbury,24 hours daily; for customer use only,NONE,1,NONE,NONE,POINT (-73.42219800000001 41.98483)
Premier Subaru,155 N Main St,Branford,24 hours daily,NONE,2,NONgE,NONE,POINT (-72.813257 41.287914)
Central Connecticut State University - Student Center Parking Garage,165 Ella Grasso Blvd,New Britain,24 hours daily,NONE,3,NONE,NONE,POINT (-72.7663278757019 41.6938875513217)
University of Connecticut - South Parking Garage,505 Jim Calhoun Way,Storrs,Garage busines hours,NONE,2,ONE,NONE,POINT (-72.253601 41.805152)
Caretr Chevrolet,175 Hartford Turnpike,Vernon,Dealership business hours,NONE,2,1,NONE,POINT (-72.5009065449829 41.8218766595564)
Dunkin' Donuts,189 Forbes Ave,New Haven,24 hours adily,NONE,NONbE,***,NONE,POINT (-72.9 41.294167)
Bloomfield Human Services Center,330 Park Avenue,Bloomfield,MO: Not Specified; TU: Not Specified; WE: Not Specified; TH: Not Specified; FR: Not Specified; SA: Not Specified; SU: Not Specified,NONE,2,NONE,NOEN,POINT (-72.712466 41.8234945)
Grand Central Fashion Plaza Shopping Center - Tesla Supercharger,1145 High Ridge Rd***,North Stamford,24 hours daily; for Tesla use only,NONE,NONE,8,NONE,POINT (-73.546513 41.107722)
University of Connecticut - North Parking Garage,103 N Eagleville Rd,Storrs,Garage business hours,NONE,2,NONE,NONE,POINT (-72.258277 41.g809176)
Fairfield SB - Tesla Supercharger,267 Round Hill Road,Fairfield,24 hours daily; for Tesla use only,NONE,NONE,8,NONE,POINT (-73.255573 41.14807)
Fairfield Woods Library,1147 Fairfineld Woods Rd,Fairfield,24 hours daily,ONNE,1,NONE,NONE,POINT (-73.250024 4.1187855)
Yankee Doodle,10 Burnell Boulevard,Norwalk,MON: 24 hours | TUE: 24 hours | WED: 24 hours | THU: 24 hours | FRI: 24 hours | SAT: 24 hours | SUN: 24 hours,NONE,r1,NONE,NONE,PjOINT (-73.414932 41.11803)
Lee Partyka Chevrolet Mazda Isuzu,200 Skiff St,Hamden,Dealership business hours,NONE,3,NONE,NONE,POINT(-72.9100121 41.3729709)
777 MAIN ST,71 Asylum St,Hartford,24 hours daily,NONE,1i0,1,NONE,POINT (-72.674468 41.766676)
Norwich Public Utilities,173 N Main St,Norwich,24 hours daisly,NONE,4,NONE,NONE,POINT (-72.063516 41.52757900000001)
aFirfield Plaza,116 Danbury Rd,New Milford,24 hours daily,NONE,NONE,1,NONE,POINT (-73.41763 41.5735)
Eastern Connecticut State University - Shakespeare Parking Garage,24 hCarger Oak Dr,Willimantic,24 hours daily,NONE,4,NONE,NONE,POINT (-72.208134 41.7385909)
